Workbook

Sheet Summary
A1: Ashcroft price model: feature inventory
A2: Gain from the recommended 968s5xh (train-bfsp run 50: the 968's features, learning rate 0.02, leaves of 500, extra trees under the Huber loss, 12,000 rounds). Regenerate with: python scripts/feature_workbook.py
A4: Features by status | B4: Count
A5: Served | B5: =COUNTIF(Features!$F$2:$F$1462,A5) -> 615
A6: Candidate (built, tested, promotion pending) | B6: =COUNTIF(Features!$F$2:$F$1462,A6) -> 383
A7: Built, not served | B7: =COUNTIF(Features!$F$2:$F$1462,A7) -> 459
A8: Excluded (not knowable at 06:00) | B8: =COUNTIF(Features!$F$2:$F$1462,A8) -> 4
A9: All features listed | B9: =SUM(B5:B8) -> 1461
A10: Served features with zero gain | B10: =COUNTIFS(Features!$F$2:$F$1462,"Served",Features!$G$2:$G$1462,0) -> 2
A11: Share of gain check (should be 100%) | B11: =SUM(Features!$H$2:$H$1462) -> 1
A13: Not yet developed, by priority | B13: Count
A14: High | B14: =COUNTIF('Not yet developed'!$G$2:$G$30,A14) -> 0
A15: Medium | B15: =COUNTIF('Not yet developed'!$G$2:$G$30,A15) -> 6
A16: Low | B16: =COUNTIF('Not yet developed'!$G$2:$G$30,A16) -> 20
A17: Blocked | B17: =COUNTIF('Not yet developed'!$G$2:$G$30,A17) -> 2
A18: Review | B18: =COUNTIF('Not yet developed'!$G$2:$G$30,A18) -> 1
A20: Top 15 served features by gain | B20: Share of gain | C20: Block | D20: Description
A21: =INDEX(Features!$A$2:$A$1462,MATCH(1,Features!$I$2:$I$1462,0)) -> rPMW3 | B21: =INDEX(Features!$H$2:$H$1462,MATCH(1,Features!$I$2:$I$1462,0)) -> 0.058739544 | C21: =INDEX(Features!$B$2:$B$1462,MATCH(1,Features!$I$2:$I$1462,0)) -> Custom metrics | D21: =INDEX(Features!$D$2:$D$1462,MATCH(1,Features!$I$2:$I$1462,0)) -> Within-race rank (1 = highest in the field) of PMW3: performance-adjusted prize money (prize x RB^2), recency-weighted, last 3 runs
A22: =INDEX(Features!$A$2:$A$1462,MATCH(2,Features!$I$2:$I$1462,0)) -> rPMW5 | B22: =INDEX(Features!$H$2:$H$1462,MATCH(2,Features!$I$2:$I$1462,0)) -> 0.053834957 | C22: =INDEX(Features!$B$2:$B$1462,MATCH(2,Features!$I$2:$I$1462,0)) -> Custom metrics | D22: =INDEX(Features!$D$2:$D$1462,MATCH(2,Features!$I$2:$I$1462,0)) -> Within-race rank (1 = highest in the field) of PMW5: performance-adjusted prize money (prize x RB^2), recency-weighted, last 5 runs
A23: =INDEX(Features!$A$2:$A$1462,MATCH(3,Features!$I$2:$I$1462,0)) -> rPMW10 | B23: =INDEX(Features!$H$2:$H$1462,MATCH(3,Features!$I$2:$I$1462,0)) -> 0.041544279 | C23: =INDEX(Features!$B$2:$B$1462,MATCH(3,Features!$I$2:$I$1462,0)) -> Custom metrics | D23: =INDEX(Features!$D$2:$D$1462,MATCH(3,Features!$I$2:$I$1462,0)) -> Within-race rank (1 = highest in the field) of PMW10: performance-adjusted prize money (prize x RB^2), recency-weighted, last 10 runs
A24: =INDEX(Features!$A$2:$A$1462,MATCH(4,Features!$I$2:$I$1462,0)) -> OFS1 | B24: =INDEX(Features!$H$2:$H$1462,MATCH(4,Features!$I$2:$I$1462,0)) -> 0.027949954 | C24: =INDEX(Features!$B$2:$B$1462,MATCH(4,Features!$I$2:$I$1462,0)) -> Custom metrics | D24: =INDEX(Features!$D$2:$D$1462,MATCH(4,Features!$I$2:$I$1462,0)) -> Odds x field size in the last run (runners / BSP; equals LR_ORR2)
A25: =INDEX(Features!$A$2:$A$1462,MATCH(5,Features!$I$2:$I$1462,0)) -> fw_mkt_l1 | B25: =INDEX(Features!$H$2:$H$1462,MATCH(5,Features!$I$2:$I$1462,0)) -> 0.023252617 | C25: =INDEX(Features!$B$2:$B$1462,MATCH(5,Features!$I$2:$I$1462,0)) -> Form windows | D25: =INDEX(Features!$D$2:$D$1462,MATCH(5,Features!$I$2:$I$1462,0)) -> The market's view, log(N x BSP chance): last run (earlier days only)
A26: =INDEX(Features!$A$2:$A$1462,MATCH(6,Features!$I$2:$I$1462,0)) -> rRWOLR3 | B26: =INDEX(Features!$H$2:$H$1462,MATCH(6,Features!$I$2:$I$1462,0)) -> 0.021337445 | C26: =INDEX(Features!$B$2:$B$1462,MATCH(6,Features!$I$2:$I$1462,0)) -> Custom metrics | D26: =INDEX(Features!$D$2:$D$1462,MATCH(6,Features!$I$2:$I$1462,0)) -> Within-race rank (1 = highest in the field) of LR3_RWO: harmonic-weighted mean ORR2 over the last 3 runs
A27: =INDEX(Features!$A$2:$A$1462,MATCH(7,Features!$I$2:$I$1462,0)) -> fw_lbs_w3 | B27: =INDEX(Features!$H$2:$H$1462,MATCH(7,Features!$I$2:$I$1462,0)) -> 0.020781354 | C27: =INDEX(Features!$B$2:$B$1462,MATCH(7,Features!$I$2:$I$1462,0)) -> Form windows | D27: =INDEX(Features!$D$2:$D$1462,MATCH(7,Features!$I$2:$I$1462,0)) -> Pounds beaten at the trip (capped 20): last 3 runs weighted 3-2-1 by recency (earlier days only)
A28: =INDEX(Features!$A$2:$A$1462,MATCH(8,Features!$I$2:$I$1462,0)) -> fw_lbsc_w3 | B28: =INDEX(Features!$H$2:$H$1462,MATCH(8,Features!$I$2:$I$1462,0)) -> 0.020573694 | C28: =INDEX(Features!$B$2:$B$1462,MATCH(8,Features!$I$2:$I$1462,0)) -> Form windows | D28: =INDEX(Features!$D$2:$D$1462,MATCH(8,Features!$I$2:$I$1462,0)) -> Pounds better than the race's average runner: last 3 runs weighted 3-2-1 by recency (earlier days only)
A29: =INDEX(Features!$A$2:$A$1462,MATCH(9,Features!$I$2:$I$1462,0)) -> rTJNFP | B29: =INDEX(Features!$H$2:$H$1462,MATCH(9,Features!$I$2:$I$1462,0)) -> 0.020133773 | C29: =INDEX(Features!$B$2:$B$1462,MATCH(9,Features!$I$2:$I$1462,0)) -> Custom metrics | D29: =INDEX(Features!$D$2:$D$1462,MATCH(9,Features!$I$2:$I$1462,0)) -> Within-race rank (1 = highest in the field) of trainerjockeycareerNFP: trainer-jockey combination's career normalised finishing position (1 = won, 0 = last)
A30: =INDEX(Features!$A$2:$A$1462,MATCH(10,Features!$I$2:$I$1462,0)) -> LR_ORR2 | B30: =INDEX(Features!$H$2:$H$1462,MATCH(10,Features!$I$2:$I$1462,0)) -> 0.019780693 | C30: =INDEX(Features!$B$2:$B$1462,MATCH(10,Features!$I$2:$I$1462,0)) -> Custom metrics | D30: =INDEX(Features!$D$2:$D$1462,MATCH(10,Features!$I$2:$I$1462,0)) -> Market rating (runners / BSP) in the last run
A31: =INDEX(Features!$A$2:$A$1462,MATCH(11,Features!$I$2:$I$1462,0)) -> rORR2LR | B31: =INDEX(Features!$H$2:$H$1462,MATCH(11,Features!$I$2:$I$1462,0)) -> 0.018398995 | C31: =INDEX(Features!$B$2:$B$1462,MATCH(11,Features!$I$2:$I$1462,0)) -> Custom metrics | D31: =INDEX(Features!$D$2:$D$1462,MATCH(11,Features!$I$2:$I$1462,0)) -> Within-race rank (1 = highest in the field) of LR_ORR2: market rating (runners / BSP) in the last run
A32: =INDEX(Features!$A$2:$A$1462,MATCH(12,Features!$I$2:$I$1462,0)) -> race_type_cat | B32: =INDEX(Features!$H$2:$H$1462,MATCH(12,Features!$I$2:$I$1462,0)) -> 0.017291631 | C32: =INDEX(Features!$B$2:$B$1462,MATCH(12,Features!$I$2:$I$1462,0)) -> Card fields | D32: =INDEX(Features!$D$2:$D$1462,MATCH(12,Features!$I$2:$I$1462,0)) -> Race type, category code
A33: =INDEX(Features!$A$2:$A$1462,MATCH(13,Features!$I$2:$I$1462,0)) -> rRWOLR5 | B33: =INDEX(Features!$H$2:$H$1462,MATCH(13,Features!$I$2:$I$1462,0)) -> 0.016288123 | C33: =INDEX(Features!$B$2:$B$1462,MATCH(13,Features!$I$2:$I$1462,0)) -> Custom metrics | D33: =INDEX(Features!$D$2:$D$1462,MATCH(13,Features!$I$2:$I$1462,0)) -> Within-race rank (1 = highest in the field) of LR5_RWO: harmonic-weighted mean ORR2 over the last 5 runs
A34: =INDEX(Features!$A$2:$A$1462,MATCH(14,Features!$I$2:$I$1462,0)) -> median_or_num | B34: =INDEX(Features!$H$2:$H$1462,MATCH(14,Features!$I$2:$I$1462,0)) -> 0.016183863 | C34: =INDEX(Features!$B$2:$B$1462,MATCH(14,Features!$I$2:$I$1462,0)) -> Card fields | D34: =INDEX(Features!$D$2:$D$1462,MATCH(14,Features!$I$2:$I$1462,0)) -> Median official rating in the race
A35: =INDEX(Features!$A$2:$A$1462,MATCH(15,Features!$I$2:$I$1462,0)) -> or_num | B35: =INDEX(Features!$H$2:$H$1462,MATCH(15,Features!$I$2:$I$1462,0)) -> 0.015646857 | C35: =INDEX(Features!$B$2:$B$1462,MATCH(15,Features!$I$2:$I$1462,0)) -> Card fields | D35: =INDEX(Features!$D$2:$D$1462,MATCH(15,Features!$I$2:$I$1462,0)) -> Official rating

Sheet Features
A1: Feature | B1: Block | C1: Group | D1: Description | E1: Module | F1: Status | G1: Gain (split gain) | H1: Share of served gain | I1: Rank (served) | J1: Card-safe at 06:00
A2: rPMW3 | B2: Custom metrics | C2: Within-race ranks | D2: Within-race rank (1 = highest in the field) of PMW3: performance-adjusted prize money (prize x RB^2), recency-weighted, last 3 runs | E2: model/custom_metrics.py | F2: Served | G2: 569845.67 | H2: =IF(G2="","",G2/SUMIFS($G$2:$G$1462,$F$2:$F$1462,"Served")) -> 0.058739544 | I2: =IF(G2="","",RANK(G2,$G$2:$G$1462,0)) -> 1 | J2: Yes
A3: rPMW5 | B3: Custom metrics | C3: Within-race ranks | D3: Within-race rank (1 = highest in the field) of PMW5: performance-adjusted prize money (prize x RB^2), recency-weighted, last 5 runs | E3: model/custom_metrics.py | F3: Served | G3: 522265.15 | H3: =IF(G3="","",G3/SUMIFS($G$2:$G$1462,$F$2:$F$1462,"Served")) -> 0.053834957 | I3: =IF(G3="","",RANK(G3,$G$2:$G$1462,0)) -> 2 | J3: Yes
A4: rPMW10 | B4: Custom metrics | C4: Within-race ranks | D4: Within-race rank (1 = highest in the field) of PMW10: performance-adjusted prize money (prize x RB^2), recency-weighted, last 10 runs | E4: model/custom_metrics.py | F4: Served | G4: 403030.49 | H4: =IF(G4="","",G4/SUMIFS($G$2:$G$1462,$F$2:$F$1462,"Served")) -> 0.041544279 | I4: =IF(G4="","",RANK(G4,$G$2:$G$1462,0)) -> 3 | J4: Yes
A5: OFS1 | B5: Custom metrics | C5: Odds x field size (OFS) | D5: Odds x field size in the last run (runners / BSP; equals LR_ORR2) | E5: model/custom_metrics.py | F5: Served | G5: 271148.86 | H5: =IF(G5="","",G5/SUMIFS($G$2:$G$1462,$F$2:$F$1462,"Served")) -> 0.027949954 | I5: =IF(G5="","",RANK(G5,$G$2:$G$1462,0)) -> 4 | J5: Yes
A6: fw_mkt_l1 | B6: Form windows | C6: Every measure over seven windows | D6: The market's view, log(N x BSP chance): last run (earlier days only) | E6: model/form_windows.py | F6: Served | G6: 225578.92 | H6: =IF(G6="","",G6/SUMIFS($G$2:$G$1462,$F$2:$F$1462,"Served")) -> 0.023252617 | I6: =IF(G6="","",RANK(G6,$G$2:$G$1462,0)) -> 5 | J6: Yes
A7: rRWOLR3 | B7: Custom metrics | C7: Within-race ranks | D7: Within-race rank (1 = highest in the field) of LR3_RWO: harmonic-weighted mean ORR2 over the last 3 runs | E7: model/custom_metrics.py | F7: Served | G7: 206999.41 | H7: =IF(G7="","",G7/SUMIFS($G$2:$G$1462,$F$2:$F$1462,"Served")) -> 0.021337445 | I7: =IF(G7="","",RANK(G7,$G$2:$G$1462,0)) -> 6 | J7: Yes
A8: fw_lbs_w3 | B8: Form windows | C8: Every measure over seven windows | D8: Pounds beaten at the trip (capped 20): last 3 runs weighted 3-2-1 by recency (earlier days only) | E8: model/form_windows.py | F8: Served | G8: 201604.64 | H8: =IF(G8="","",G8/SUMIFS($G$2:$G$1462,$F$2:$F$1462,"Served")) -> 0.020781354 | I8: =IF(G8="","",RANK(G8,$G$2:$G$1462,0)) -> 7 | J8: Yes
A9: fw_lbsc_w3 | B9: Form windows | C9: Every measure over seven windows | D9: Pounds better than the race's average runner: last 3 runs weighted 3-2-1 by recency (earlier days only) | E9: model/form_windows.py | F9: Served | G9: 199590.08 | H9: =IF(G9="","",G9/SUMIFS($G$2:$G$1462,$F$2:$F$1462,"Served")) -> 0.020573694 | I9: =IF(G9="","",RANK(G9,$G$2:$G$1462,0)) -> 8 | J9: Yes
A10: rTJNFP | B10: Custom metrics | C10: Within-race ranks | D10: Within-race rank (1 = highest in the field) of trainerjockeycareerNFP: trainer-jockey combination's career normalised finishing position (1 = won, 0 = last) | E10: model/custom_metrics.py | F10: Served | G10: 195322.31 | H10: =IF(G10="","",G10/SUMIFS($G$2:$G$1462,$F$2:$F$1462,"Served")) -> 0.020133773 | I10: =IF(G10="","",RANK(G10,$G$2:$G$1462,0)) -> 9 | J10: Yes
A11: LR_ORR2 | B11: Custom metrics | C11: Last run and rolling windows | D11: Market rating (runners / BSP) in the last run | E11: model/custom_metrics.py | F11: Served | G11: 191897 | H11: =IF(G11="","",G11/SUMIFS($G$2:$G$1462,$F$2:$F$1462,"Served")) -> 0.019780693 | I11: =IF(G11="","",RANK(G11,$G$2:$G$1462,0)) -> 10 | J11: Yes
A12: rORR2LR | B12: Custom metrics | C12: Within-race ranks | D12: Within-race rank (1 = highest in the field) of LR_ORR2: market rating (runners / BSP) in the last run | E12: model/custom_metrics.py | F12: Served | G12: 178492.83 | H12: =IF(G12="","",G12/SUMIFS($G$2:$G$1462,$F$2:$F$1462,"Served")) -> 0.018398995 | I12: =IF(G12="","",RANK(G12,$G$2:$G$1462,0)) -> 11 | J12: Yes
A13: race_type_cat | B13: Card fields | C13: Today's card | D13: Race type, category code | E13: train_bfsp.py build_context_features | F13: Served | G13: 167750.05 | H13: =IF(G13="","",G13/SUMIFS($G$2:$G$1462,$F$2:$F$1462,"Served")) -> 0.017291631 | I13: =IF(G13="","",RANK(G13,$G$2:$G$1462,0)) -> 12 | J13: Yes
... A613: is_debut | B613: Research-backed metrics | C613: Unexposure (new conditions) | D613: First run | E613: model/custom_metrics.py | F613: Served | G613: 0 | H613: =IF(G613="","",G613/SUMIFS($G$2:$G$1462,$F$2:$F$1462,"Served")) -> 0 | I613: =IF(G613="","",RANK(G613,$G$2:$G$1462,0)) -> 612 | J613: Yes
A614: sire_runners | B614: Research-backed metrics | C614: Pedigree (sire, damsire) | D614: Sire's progeny runs | E614: model/custom_metrics.py | F614: Served | H614: =IF(G614="","",G614/SUMIFS($G$2:$G$1462,$F$2:$F$1462,"Served")) | I614: =IF(G614="","",RANK(G614,$G$2:$G$1462,0)) | J614: Yes
A615: damsire_runners | B615: Research-backed metrics | C615: Pedigree (sire, damsire) | D615: Damsire's progeny runs | E615: model/custom_metrics.py | F615: Served | H615: =IF(G615="","",G615/SUMIFS($G$2:$G$1462,$F$2:$F$1462,"Served")) | I615: =IF(G615="","",RANK(G615,$G$2:$G$1462,0)) | J615: Yes
A616: track_draw_bias | B616: Draw and stall | C616: Draw bias and stall position | D616: Course low-less-high stall bias (blank on every row: open defect) | E616: model/draw_metrics.py | F616: Served | G616: 0 | H616: =IF(G616="","",G616/SUMIFS($G$2:$G$1462,$F$2:$F$1462,"Served")) -> 0 | I616: =IF(G616="","",RANK(G616,$G$2:$G$1462,0)) -> 612 | J616: Yes
A617: fv_nfp_e3 | B617: Form variants | C617: NFP and lengths beaten in every variant | D617: fv nfp e3 | E617: model/blocks/form_variants.py | F617: Candidate (built, tested, promotion pending) | H617: =IF(G617="","",G617/SUMIFS($G$2:$G$1462,$F$2:$F$1462,"Served")) | I617: =IF(G617="","",RANK(G617,$G$2:$G$1462,0)) | J617: Yes
A618: fv_nfp_e6 | B618: Form variants | C618: NFP and lengths beaten in every variant | D618: fv nfp e6 | E618: model/blocks/form_variants.py | F618: Candidate (built, tested, promotion pending) | H618: =IF(G618="","",G618/SUMIFS($G$2:$G$1462,$F$2:$F$1462,"Served")) | I618: =IF(G618="","",RANK(G618,$G$2:$G$1462,0)) | J618: Yes
A619: fv_nfp_d365 | B619: Form variants | C619: NFP and lengths beaten in every variant | D619: fv nfp d365 | E619: model/blocks/form_variants.py | F619: Candidate (built, tested, promotion pending) | H619: =IF(G619="","",G619/SUMIFS($G$2:$G$1462,$F$2:$F$1462,"Served")) | I619: =IF(G619="","",RANK(G619,$G$2:$G$1462,0)) | J619: Yes
A620: fv_nfp_s3 | B620: Form variants | C620: NFP and lengths beaten in every variant | D620: fv nfp s3 | E620: model/blocks/form_variants.py | F620: Candidate (built, tested, promotion pending) | H620: =IF(G620="","",G620/SUMIFS($G$2:$G$1462,$F$2:$F$1462,"Served")) | I620: =IF(G620="","",RANK(G620,$G$2:$G$1462,0)) | J620: Yes
A621: fv_nfp_s8 | B621: Form variants | C621: NFP and lengths beaten in every variant | D621: fv nfp s8 | E621: model/blocks/form_variants.py | F621: Candidate (built, tested, promotion pending) | H621: =IF(G621="","",G621/SUMIFS($G$2:$G$1462,$F$2:$F$1462,"Served")) | I621: =IF(G621="","",RANK(G621,$G$2:$G$1462,0)) | J621: Yes
A622: fv_nfp_fsw_car | B622: Form variants | C622: NFP and lengths beaten in every variant | D622: fv nfp fsw car | E622: model/blocks/form_variants.py | F622: Candidate (built, tested, promotion pending) | H622: =IF(G622="","",G622/SUMIFS($G$2:$G$1462,$F$2:$F$1462,"Served")) | I622: =IF(G622="","",RANK(G622,$G$2:$G$1462,0)) | J622: Yes
A623: fv_nfp_fsw_e6 | B623: Form variants | C623: NFP and lengths beaten in every variant | D623: fv nfp fsw e6 | E623: model/blocks/form_variants.py | F623: Candidate (built, tested, promotion pending) | H623: =IF(G623="","",G623/SUMIFS($G$2:$G$1462,$F$2:$F$1462,"Served")) | I623: =IF(G623="","",RANK(G623,$G$2:$G$1462,0)) | J623: Yes
A624: fv_nfp0_car | B624: Form variants | C624: NFP and lengths beaten in every variant | D624: fv nfp0 car | E624: model/blocks/form_variants.py | F624: Candidate (built, tested, promotion pending) | H624: =IF(G624="","",G624/SUMIFS($G$2:$G$1462,$F$2:$F$1462,"Served")) | I624: =IF(G624="","",RANK(G624,$G$2:$G$1462,0)) | J624: Yes
A625: fv_nfp0_l1 | B625: Form variants | C625: NFP and lengths beaten in every variant | D625: fv nfp0 l1 | E625: model/blocks/form_variants.py | F625: Candidate (built, tested, promotion pending) | H625: =IF(G625="","",G625/SUMIFS($G$2:$G$1462,$F$2:$F$1462,"Served")) | I625: =IF(G625="","",RANK(G625,$G$2:$G$1462,0)) | J625: Yes
A626: fv_nfp0_m3 | B626: Form variants | C626: NFP and lengths beaten in every variant | D626: fv nfp0 m3 | E626: model/blocks/form_variants.py | F626: Candidate (built, tested, promotion pending) | H626: =IF(G626="","",G626/SUMIFS($G$2:$G$1462,$F$2:$F$1462,"Served")) | I626: =IF(G626="","",RANK(G626,$G$2:$G$1462,0)) | J626: Yes
A627: fv_nfp0_m5 | B627: Form variants | C627: NFP and lengths beaten in every variant | D627: fv nfp0 m5 | E627: model/blocks/form_variants.py | F627: Candidate (built, tested, promotion pending) | H627: =IF(G627="","",G627/SUMIFS($G$2:$G$1462,$F$2:$F$1462,"Served")) | I627: =IF(G627="","",RANK(G627,$G$2:$G$1462,0)) | J627: Yes
A628: fv_nfp0_m10 | B628: Form variants | C628: NFP and lengths beaten in every variant | D628: fv nfp0 m10 | E628: model/blocks/form_variants.py | F628: Candidate (built, tested, promotion pending) | H628: =IF(G628="","",G628/SUMIFS($G$2:$G$1462,$F$2:$F$1462,"Served")) | I628: =IF(G628="","",RANK(G628,$G$2:$G$1462,0)) | J628: Yes
... A1462: it_claim_change | B1462: Intent (card-unsafe) | C1462: What the 06:00 card cannot know | D1462: Claim as ridden changed (the 06:00 card has the booking) | E1462: model/intent_features.py | F1462: Excluded (not knowable at 06:00) | H1462: =IF(G1462="","",G1462/SUMIFS($G$2:$G$1462,$F$2:$F$1462,"Served")) | I1462: =IF(G1462="","",RANK(G1462,$G$2:$G$1462,0)) | J1462: No

Sheet Blocks
A1: Block | B1: Status | C1: Features | D1: Served | E1: Share of served gain | F1: Module | G1: Evidence
A2: Custom metrics | B2: Served | C2: =COUNTIFS(Features!$B$2:$B$1462,A2) -> 188 | D2: =COUNTIFS(Features!$B$2:$B$1462,A2,Features!$F$2:$F$1462,"Served") -> 188 | E2: =SUMIFS(Features!$H$2:$H$1462,Features!$B$2:$B$1462,A2) -> 0.51937913 | F2: model/custom_metrics.py | G2: The 19 proprietary metrics and their ranks (the original model). Within-race ranks carry about 40% of gain; rPMW3 alone about 14%.
A3: Form windows | B3: Served | C3: =COUNTIFS(Features!$B$2:$B$1462,A3) -> 80 | D3: =COUNTIFS(Features!$B$2:$B$1462,A3,Features!$F$2:$F$1462,"Served") -> 80 | E3: =SUMIFS(Features!$H$2:$H$1462,Features!$B$2:$B$1462,A3) -> 0.15957547 | F3: model/form_windows.py | G3: Iteration 29: -0.0073 on the 535 (rank 1 -0.0092), Brier skill vs market +0.0022 (resolved), early-price rule +6.01% -> +6.50%; iteration 32 (with shape form, 6000 rounds): -0.0128, Brier skill +0.0032 (resolved); leak probe clean. Served from 26 Sep (the 615).
A4: Card fields | B4: Served | C4: =COUNTIFS(Features!$B$2:$B$1462,A4) -> 20 | D4: =COUNTIFS(Features!$B$2:$B$1462,A4,Features!$F$2:$F$1462,"Served") -> 20 | E4: =SUMIFS(Features!$H$2:$H$1462,Features!$B$2:$B$1462,A4) -> 0.078343284 | F4: train_bfsp.py build_context_features | G4: Today's card as fetched at 06:00 (card fill: model/card_enrich.py, parity checked).
A5: Draw and stall | B5: Served | C5: =COUNTIFS(Features!$B$2:$B$1462,A5) -> 60 | D5: =COUNTIFS(Features!$B$2:$B$1462,A5,Features!$F$2:$F$1462,"Served") -> 60 | E5: =SUMIFS(Features!$H$2:$H$1462,Features!$B$2:$B$1462,A5) -> 0.056126362 | F5: model/draw_metrics.py | G5: Draw bias cells and stall position (track_draw_bias is blank on every row: open defect).
A6: Freshness | B6: Served | C6: =COUNTIFS(Features!$B$2:$B$1462,A6) -> 14 | D6: =COUNTIFS(Features!$B$2:$B$1462,A6,Features!$F$2:$F$1462,"Served") -> 14 | E6: =SUMIFS(Features!$H$2:$H$1462,Features!$B$2:$B$1462,A6) -> 0.032895457 | F6: model/freshness_features.py | G6: Iteration 26: -0.0049, Brier skill vs market +0.0010 (resolved); leak probe clean. Served from 25 Sep.
A7: Intent (card-safe) | B7: Served | C7: =COUNTIFS(Features!$B$2:$B$1462,A7) -> 20 | D7: =COUNTIFS(Features!$B$2:$B$1462,A7,Features!$F$2:$F$1462,"Served") -> 20 | E7: =SUMIFS(Features!$H$2:$H$1462,Features!$B$2:$B$1462,A7) -> 0.023349977 | F7: model/intent_features.py | G7: Iteration 24: price-forecast error -0.0052 on the 501; iteration 28 (with freshness, as served): -0.0085, Brier skill vs market +0.0013. Served from 25 Sep.
A8: Research-backed metrics | B8: Served | C8: =COUNTIFS(Features!$B$2:$B$1462,A8) -> 114 | D8: =COUNTIFS(Features!$B$2:$B$1462,A8,Features!$F$2:$F$1462,"Served") -> 114 | E8: =SUMIFS(Features!$H$2:$H$1462,Features!$B$2:$B$1462,A8) -> 0.084272322 | F8: model/custom_metrics.py | G8: Benter/Woods/Ziemba-style additions to the engine (served since the first retrain).
A9: Financial-style form | B9: Served | C9: =COUNTIFS(Features!$B$2:$B$1462,A9) -> 28 | D9: =COUNTIFS(Features!$B$2:$B$1462,A9,Features!$F$2:$F$1462,"Served") -> 28 | E9: =SUMIFS(Features!$H$2:$H$1462,Features!$B$2:$B$1462,A9) -> 0.016624431 | F9: model/financial_features.py | G9: RSI, MACD, z-score, Sharpe, drawdown of finishing-position series.
A10: Pace and running style | B10: Served | C10: =COUNTIFS(Features!$B$2:$B$1462,A10) -> 91 | D10: =COUNTIFS(Features!$B$2:$B$1462,A10,Features!$F$2:$F$1462,"Served") -> 91 | E10: =SUMIFS(Features!$H$2:$H$1462,Features!$B$2:$B$1462,A10) -> 0.029433572 | F10: model/pace_metrics.py | G10: Style and pace from in-running comments (rebuilt parser, 23 Sep).
A11: Form variants | B11: Candidate (built, tested, promotion pending) | C11: =COUNTIFS(Features!$B$2:$B$1462,A11) -> 77 | D11: =COUNTIFS(Features!$B$2:$B$1462,A11,Features!$F$2:$F$1462,"Served") -> 0 | E11: =SUMIFS(Features!$H$2:$H$1462,Features!$B$2:$B$1462,A11) -> 0 | F11: model/blocks/form_variants.py | G11: Iteration 34: -0.0021 (-0.0037 to -0.0006) beyond the form windows, rank 1 -0.0046. Iteration 54 (steadier screen, on the 853): -0.0022 (-0.0036 to -0.0008), five times the placebo. Iteration 56 (served recipe, on the 853): -0.0025 (-0.0034 to -0.0018); iteration 59: -0.0013 beyond form lines. In the 944 candidate.
A12: Within-race readings | B12: Candidate (built, tested, promotion pending) | C12: =COUNTIFS(Features!$B$2:$B$1462,A12) -> 60 | D12: =COUNTIFS(Features!$B$2:$B$1462,A12,Features!$F$2:$F$1462,"Served") -> 0 | E12: =SUMIFS(Features!$H$2:$H$1462,Features!$B$2:$B$1462,A12) -> 0 | F12: model/blocks/race_relative.py | G12: Iteration 35: -0.0074 (-0.0092 to -0.0057), every rank band resolved (Lessmann, Sung and Johnson 2009, eq. 14). Iteration 36 (served recipe, 6000 rounds): -0.0078 beyond the 615. Trained and verified as the 675 (train-bfsp run 33); not served.
A13: Wide within-race readings | B13: Candidate (built, tested, promotion pending) | C13: =COUNTIFS(Features!$B$2:$B$1462,A13) -> 146 | D13: =COUNTIFS(Features!$B$2:$B$1462,A13,Features!$F$2:$F$1462,"Served") -> 0 | E13: =SUMIFS(Features!$H$2:$H$1462,Features!$B$2:$B$1462,A13) -> 0 | F13: model/blocks/race_relative_wide.py | G13: Iteration 37: -0.0012 alone (unresolved); with the time figure and exposure -0.0038 (resolved), -0.0056 at another seed (iteration 39), -0.0063 on the 615 + within-race readings (iteration 41). Iteration 42 (served recipe, 6000 rounds): -0.0045 with the time figure and exposure, -0.0053 with collateral form as well.
... A47: Intent (card-unsafe) | B47: Excluded (not knowable at 06:00) | C47: =COUNTIFS(Features!$B$2:$B$1462,A47) -> 4 | D47: =COUNTIFS(Features!$B$2:$B$1462,A47,Features!$F$2:$F$1462,"Served") -> 0 | E47: =SUMIFS(Features!$H$2:$H$1462,Features!$B$2:$B$1462,A47) -> 0 | F47: model/intent_features.py | G47: The 06:00 card cannot know these (a gelding since the last run; the jockey or claim as ridden). The post-race guard refuses them as inputs.
A48: Total | C48: =SUM(C2:C47) -> 1461 | D48: =SUM(D2:D47) -> 615 | E48: =SUM(E2:E47) -> 1
A50: Research blocks (opt-in, never served) | C50: Features | F50: Module | G50: Evidence
A51: Performance figures (lbs) | B51: Research only (opt-in) | C51: 7 | D51: 0 | F51: model/perf_figures.py | G51: iter8: nothing beyond BSP against the result
A52: Kalman rating | B52: Research only (opt-in) | C52: 6 | D52: 0 | F52: model/state_space.py | G52: iter8: nothing beyond BSP
A53: Handicap angles | B53: Research only (opt-in) | C53: 10 | D53: 0 | F53: model/handicap_features.py | G53: iter8: nothing beyond BSP
A54: A-E vs the market by entity | B54: Research only (opt-in) | C54: 16 | D54: 0 | F54: model/ae_features.py | G54: iter11: -0.43 mnats, no persistent mispricing
A55: The race's other markets | B55: Research only (opt-in) | C55: 7 | D55: 0 | F55: model/market_block.py | G55: iter5: -0.26 mnats
A56: In-day (earlier races today) | B56: Research only (opt-in) | C56: 21 | D56: 0 | F56: model/inday_features.py | G56: iter12-16; rejected on the locked holdout
A57: Betfair price-file features | B57: Research only (opt-in) | C57: 30 | D57: 0 | F57: model/market_features.py | G57: not scored as a block; data from Jan 2026
A58: Timeform feed | B58: Research only (opt-in) | C58: 18 | D58: 0 | F58: model/blandford_features.py | G58: same-day fields banned (leak); lagged not a candidate
A59: Odds metrics | B59: Research only (opt-in) | C59: 16 | D59: 0 | F59: model/odds_metrics.py | G59: not scored: uses the race's own BSP (leaks)
A60: ABM race simulator | B60: Research only (opt-in) | C60: 16 | D60: 0 | F60: model/abm/ | G60: not run at scale

Sheet Not yet developed
A1: ID | B1: Feature or idea | C1: Category | D1: What it would measure | E1: Data | F1: Status / notes | G1: Priority
A2: B2 | B2: Field-size-adjusted lengths beaten (lagged) | C2: Form | D2: Lengths beaten scaled by field size, over past runs | E2: Available | F2: The unlagged version leaked the result and was removed. fw_lbs / fw_lbsc now cover pounds beaten. | G2: Low
A3: B3 | B3: Lengths per position | C3: Form | D3: Lengths beaten per place behind the winner (how strung out the field was) | E3: Available | F3: Not built | G3: Medium
A4: B4 | B4: Closing-sectional proxy | C4: Form | D4: Speed over the final furlongs | E4: Not available | F4: No sectional or per-horse times in the data | G4: Blocked
A5: D2 | B5: Headgear type flags | C5: Equipment | D5: One flag per headgear item (blinkers, visor, cheekpieces, hood, tongue-tie) | E5: Available | F5: Partial: one category column | G5: Low
A6: F1 | B6: SP-to-BSP spread (lagged) | C6: Market | D6: How far industry SP differed from BSP in past runs | E6: Available | F6: The same-race version added nothing (markets block) | G6: Low
A7: F2 | B7: Win/place price ratio (lagged) | C7: Market | D7: Place-market view relative to the win market in past runs | E7: Partial (Betfair files from Jan 2026) | F7: Opt-in behind --market-features | G7: Medium
A8: G4 | B8: Age restriction | C8: Race conditions | D8: Age band of the race (2yo, 3yo only, 3yo+, 4yo+) | E8: Available | F8: race_restrictions_age is never read | G8: Low
A9: H3 | B9: Claimer flag | C9: Connections | D9: Whether the jockey claims an allowance | E9: Available | F9: Partial: raw claim only; is_claimer is opt-in | G9: Low
A10: I1 | B10: OR percentile in the field | C10: Ratings | D10: Official rating's percentile within the race | E10: Available | F10: Partial: difference to the max and median only | G10: Low
A11: I2 | B11: OR trajectory slope | C11: Ratings | D11: Slope of the official rating over recent runs | E11: Available | F11: Partial: changes only | G11: Low
A12: J1 | B12: Month / season | C12: Context | D12: Seasonal effects | E12: Available | F12: Surveyed on 24 Sep: nothing for the price to miss | G12: Low
... A30: M1 | B30: The rest of the racing2 master framework | C30: Research | D30: RESEARCH_FRAMEWORK.md s14 counted 277 items: 75 implemented, 80 partial, 122 missing | E30: Mixed | F30: The framework document is not in the repository, so the items cannot be listed one by one | G30: Review
